{
  "images" : [
    {
      "idiom" : "universal",
      "filename" : "ic_modeltarget.png",
      "scale" : "1x"
    },
    {
      "idiom" : "universal",
      "filename" : "ic_modeltarget_dark.png",
      "appearances" : [
        {
          "appearance" : "luminosity",
          "value" : "dark"
        }
      ],
      "scale" : "1x"
    },
    {
      "idiom" : "universal",
      "filename" : "ic_modeltarget-1.png",
      "scale" : "2x"
    },
    {
      "idiom" : "universal",
      "filename" : "ic_modeltarget_dark-1.png",
      "appearances" : [
        {
          "appearance" : "luminosity",
          "value" : "dark"
        }
      ],
      "scale" : "2x"
    },
    {
      "idiom" : "universal",
      "filename" : "ic_modeltarget-2.png",
      "scale" : "3x"
    },
    {
      "idiom" : "universal",
      "filename" : "ic_modeltarget_dark-2.png",
      "appearances" : [
        {
          "appearance" : "luminosity",
          "value" : "dark"
        }
      ],
      "scale" : "3x"
    }
  ],
  "info" : {
    "version" : 1,
    "author" : "xcode"
  }
}