{
  "images" : [
    {
      "idiom" : "universal",
      "filename" : "ic_imagetarget.png",
      "scale" : "1x"
    },
    {
      "idiom" : "universal",
      "filename" : "ic_imagetarget_dark.png",
      "appearances" : [
        {
          "appearance" : "luminosity",
          "value" : "dark"
        }
      ],
      "scale" : "1x"
    },
    {
      "idiom" : "universal",
      "filename" : "ic_imagetarget-1.png",
      "scale" : "2x"
    },
    {
      "idiom" : "universal",
      "filename" : "ic_imagetarget_dark-1.png",
      "appearances" : [
        {
          "appearance" : "luminosity",
          "value" : "dark"
        }
      ],
      "scale" : "2x"
    },
    {
      "idiom" : "universal",
      "filename" : "ic_imagetarget-2.png",
      "scale" : "3x"
    },
    {
      "idiom" : "universal",
      "filename" : "ic_imagetarget_dark-2.png",
      "appearances" : [
        {
          "appearance" : "luminosity",
          "value" : "dark"
        }
      ],
      "scale" : "3x"
    }
  ],
  "info" : {
    "version" : 1,
    "author" : "xcode"
  }
}